account_name,age,city
Nora0,54,Phoenix
Yara1,48,Philadelphia
Jack2,32,New York
Charlie3,52,San Jose
Hannah4,22,Chicago
Zane5,42,San Jose
Jack6,41,Dallas
Liam7,45,San Antonio
Liam8,62,Houston
Frank9,41,Los Angeles
Mia10,70,San Antonio
Hannah11,33,Philadelphia
Ivy12,53,Philadelphia
Eve13,25,Los Angeles
Ivy14,37,San Antonio
Victor15,62,Phoenix
Victor16,67,Dallas
Xander17,53,San Jose
Zane18,63,Houston
Quinn19,26,San Diego
Ruby20,47,New York
Mia21,49,Chicago
Frank22,32,Chicago
Victor23,60,San Diego
Hannah24,44,San Jose
Ivy25,42,Houston
Nora26,24,San Jose
Ruby27,37,Chicago
Tina28,56,Los Angeles
Wendy29,55,Dallas
Charlie30,31,Chicago
Sam31,26,San Antonio
Nora32,52,Chicago
Charlie33,48,New York
Liam34,36,Dallas
Tina35,52,Chicago
Wendy36,38,San Jose
Paul37,65,Los Angeles
Nora38,46,New York
Uma39,54,Phoenix
Alice40,58,Philadelphia
Mia41,70,Dallas
Eve42,61,San Antonio
Victor43,25,Philadelphia
Charlie44,46,Los Angeles
Zane45,32,San Jose
Liam46,62,Houston
Liam47,35,San Jose
Mia48,29,Philadelphia
Tina49,28,Dallas
Tina50,28,Dallas
Uma51,35,Chicago
Victor52,47,Chicago
Ivy53,65,Houston
Ivy54,45,Philadelphia
Quinn55,49,Chicago
Wendy56,48,San Jose
Jack57,57,Houston
Jack58,38,Houston
Hannah59,23,Chicago
Alice60,44,Houston
Zane61,62,Phoenix
Frank62,55,Phoenix
Tina63,36,New York
Frank64,60,San Antonio
Wendy65,66,Los Angeles
Jack66,51,San Antonio
Paul67,24,Dallas
Quinn68,30,Chicago
Diana69,28,Chicago
Diana70,68,San Antonio
Wendy71,34,San Diego
Uma72,28,Los Angeles
Yara73,54,Philadelphia
Grace74,50,Chicago
Paul75,59,Philadelphia
Tina76,36,Phoenix
Yara77,56,San Antonio
Alice78,25,Houston
Grace79,34,Philadelphia
Yara80,21,New York
Owen81,40,Los Angeles
Hannah82,51,Phoenix
Frank83,22,San Diego
Victor84,54,Houston
Eve85,43,Dallas
Nora86,30,Chicago
Bob87,30,Dallas
Sam88,41,Dallas
Mia89,70,New York
Charlie90,53,Chicago
Jack91,65,San Jose
Zane92,60,Houston
Frank93,36,Philadelphia
Nora94,37,Los Angeles
Uma95,27,Philadelphia
Nora96,35,San Antonio
Charlie97,57,San Diego
Zane98,31,Dallas
Frank99,53,San Antonio
Nora100,30,San Jose
Quinn101,54,New York
Owen102,32,Houston
Victor103,64,Dallas
Mia104,51,New York
Tina105,62,San Antonio
Xander106,63,Philadelphia
Sam107,37,Dallas
Bob108,64,Phoenix
Diana109,56,San Jose
Liam110,26,San Antonio
Zane111,55,Los Angeles
Liam112,38,Phoenix
Eve113,70,Chicago
Jack114,34,Houston
Tina115,69,San Antonio
Victor116,57,Philadelphia
Eve117,69,San Diego
Tina118,26,Philadelphia
Yara119,27,Houston
Sam120,27,Los Angeles
Xander121,68,Dallas
Yara122,44,Houston
Sam123,33,San Jose
Ivy124,28,Chicago
Mia125,68,Philadelphia
Victor126,39,San Antonio
Tina127,28,San Diego
Alice128,40,Phoenix
Grace129,28,Chicago
Mia130,36,San Diego
Xander131,50,Philadelphia
Sam132,41,Philadelphia
Zane133,47,Houston
Yara134,39,Philadelphia
Frank135,46,New York
Wendy136,63,Phoenix
Hannah137,30,Chicago
Grace138,37,Phoenix
Ruby139,54,Los Angeles
Xander140,23,New York
Bob141,52,Houston
Ruby142,61,Los Angeles
Xander143,45,Chicago
Sam144,42,Houston
Ivy145,44,New York
Uma146,58,San Jose
Diana147,67,New York
Nora148,42,Los Angeles
Zane149,58,San Jose
Ivy150,26,San Jose
Bob151,57,Chicago
Jack152,50,Phoenix
Owen153,29,San Antonio
Mia154,26,San Diego
Mia155,39,San Jose
Bob156,35,Chicago
Grace157,43,San Antonio
Liam158,39,Phoenix
Owen159,68,Philadelphia
Jack160,44,San Antonio
Nora161,39,Philadelphia
Diana162,21,Houston
Diana163,35,New York
Liam164,49,San Antonio
Alice165,36,Los Angeles
Charlie166,41,Houston
Uma167,57,San Jose
Eve168,46,Chicago
Paul169,35,San Diego
Diana170,62,Chicago
Ruby171,44,San Jose
Liam172,70,San Jose
Ivy173,22,New York
Yara174,33,Chicago
Owen175,49,Chicago
Yara176,55,San Diego
Jack177,37,Philadelphia
Ivy178,57,San Antonio
Tina179,61,San Diego
Wendy180,52,Chicago
Ruby181,28,San Jose
Uma182,41,San Diego
Paul183,52,San Jose
Grace184,70,Philadelphia
Mia185,42,San Jose
Tina186,35,Dallas
Ivy187,28,Phoenix
Zane188,47,Los Angeles
Bob189,28,San Diego
Mia190,65,Chicago
Yara191,61,San Jose
Zane192,62,San Diego
Bob193,62,San Antonio
Sam194,39,Houston
Uma195,64,Chicago
Owen196,55,San Antonio
Paul197,39,Phoenix
Grace198,48,Dallas
Liam199,55,Phoenix